,Albany,Atlanta,Baltimore,Billings,Birmingham,Boston,Buffalo,Butte,Casper,Charleston,Charlotte,Chattenooga,Chicago,Cincinnati,Cleveland,Columbus,Dallas,Denver,Des Moines,Detroit,El Paso,Fargo,Fort Worth,Houston,Indianapolis,Jacksonville,Kansas City,Knoxville,Las Vegas,Little Rock,Los Angeles,Louisville,Memphis,Miami,Milwaukee,Minneapolis,Mobile,Nashville,New Orleans,New York,Norfolk,Oakland,Oklahoma City,Omaha,Philadelphia,Phoenix,Pittsburgh,Pocatello,"Portland, Ma.","Portland, Ore",Pueblo,Rapid City,Reno,Richmond,Sacramento,Salt Lake City,San Antonio,San Diego,San Francisco,Seattle,Shreveport,Spokane,St. Louis,St. Paul,Tampa,Tucumcari,Washington
Albany, -   ," 10,000 "," 3,500 "," 21,000 "," 11,000 "," 2,000 "," 3,000 "," 23,500 "," 18,000 "," 9,500 "," 7,500 "," 10,000 "," 8,000 "," 7,000 "," 5,000 "," 6,000 "," 17,000 "," 18,500 "," 12,000 "," 5,500 "," 22,000 "," 14,500 "," 17,000 "," 18,500 "," 7,500 "," 11,000 "," 12,500 "," 8,500 "," 28,000 "," 13,500 "," 30,500 "," 8,500 "," 12,500 "," 15,000 "," 9,000 "," 12,500 "," 13,500 "," 10,500 "," 15,000 "," 1,500 "," 6,000 "," 31,000 "," 15,500 "," 13,000 "," 2,500 "," 27,500 "," 5,500 "," 23,500 "," 3,000 "," 30,000 "," 18,500 "," 17,000 "," 25,500 "," 5,000 "," 27,000 "," 23,500 "," 19,500 "," 31,500 "," 31,000 "," 31,500 "," 16,000 "," 26,500 "," 10,000 "," 12,000 "," 13,500 "," 18,500 "," 3,500 "
Atlanta," 10,000 ", -   ," 7,000 "," 19,000 "," 1,500 "," 11,000 "," 9,500 "," 21,500 "," 25,500 "," 3,000 "," 2,500 "," 1,500 "," 7,500 "," 5,000 "," 7,500 "," 6,000 "," 8,000 "," 15,500 "," 9,500 "," 7,500 "," 14,500 "," 13,500 "," 8,000 "," 8,500 "," 6,000 "," 3,500 "," 9,000 "," 2,000 "," 23,000 "," 5,500 "," 23,000 "," 4,500 "," 4,000 "," 7,000 "," 8,000 "," 11,500 "," 3,500 "," 3,000 "," 5,000 "," 8,500 "," 5,500 "," 27,000 "," 9,000 "," 10,000 "," 7,500 "," 19,000 "," 8,000 "," 21,000 "," 12,000 "," 28,000 "," 15,000 "," 16,000 "," 26,000 "," 6,000 "," 27,000 "," 20,500 "," 10,500 "," 22,500 "," 27,000 "," 28,000 "," 6,500 "," 28,000 "," 6,000 "," 11,500 "," 5,500 "," 13,000 "," 6,500 "
Baltimore," 3,500 "," 7,000 ", -   ," 21,000 "," 8,000 "," 4,000 "," 4,000 "," 23,000 "," 18,000 "," 5,500 "," 4,000 "," 6,500 "," 8,000 "," 6,000 "," 4,500 "," 5,000 "," 14,500 "," 18,000 "," 11,500 "," 6,000 "," 21,000 "," 14,500 "," 14,500 "," 15,000 "," 7,000 "," 8,000 "," 12,000 "," 5,500 "," 27,500 "," 11,000 "," 29,000 "," 7,000 "," 9,500 "," 11,500 "," 8,000 "," 12,000 "," 10,500 "," 7,500 "," 11,500 "," 2,000 "," 2,500 "," 30,500 "," 14,500 "," 13,000 "," 1,000 "," 27,000 "," 3,500 "," 23,500 "," 5,500 "," 30,500 "," 18,000 "," 17,000 "," 28,500 "," 1,500 "," 30,000 "," 23,000 "," 17,000 "," 28,500 "," 30,500 "," 29,500 "," 12,500 "," 26,500 "," 9,000 "," 12,000 "," 10,000 "," 18,500 ", 500 
Billings," 21,000 "," 19,000 "," 21,000 ", -   ," 18,000 "," 23,000 "," 18,000 "," 2,500 "," 3,500 "," 22,500 "," 21,000 "," 18,000 "," 13,000 "," 15,500 "," 16,000 "," 16,000 "," 15,000 "," 6,500 "," 10,500 "," 15,500 "," 14,000 "," 6,500 "," 15,000 "," 17,500 "," 14,500 "," 22,500 "," 10,500 "," 18,500 "," 11,000 "," 15,500 "," 14,500 "," 16,000 "," 15,500 "," 26,000 "," 12,000 "," 9,000 "," 19,000 "," 16,500 "," 19,000 "," 22,000 "," 22,000 "," 14,000 "," 14,000 "," 9,000 "," 21,000 "," 19,000 "," 17,500 "," 5,000 "," 24,000 "," 9,500 "," 7,500 "," 5,000 "," 12,000 "," 21,500 "," 13,500 "," 6,500 "," 17,500 "," 15,500 "," 14,000 "," 9,000 "," 16,000 "," 6,000 "," 13,000 "," 9,000 "," 24,000 "," 11,000 "," 20,500 "
Birmingham," 11,000 "," 1,500 "," 8,000 "," 18,000 ", -   ," 12,000 "," 9,000 "," 20,000 "," 14,000 "," 5,000 "," 4,000 "," 1,500 "," 6,500 "," 5,000 "," 7,500 "," 6,000 "," 6,500 "," 13,500 "," 8,000 "," 7,500 "," 13,000 "," 13,000 "," 6,500 "," 7,000 "," 5,000 "," 4,500 "," 7,500 "," 2,500 "," 23,500 "," 4,000 "," 21,000 "," 4,000 "," 2,500 "," 8,000 "," 7,500 "," 10,500 "," 3,000 "," 2,000 "," 3,500 "," 10,000 "," 7,000 "," 25,500 "," 7,500 "," 9,000 "," 9,000 "," 17,500 "," 8,000 "," 20,500 "," 13,500 "," 26,500 "," 13,500 "," 14,500 "," 23,000 "," 7,500 "," 24,000 "," 19,000 "," 9,500 "," 21,000 "," 25,500 "," 27,000 "," 4,500 "," 24,000 "," 5,000 "," 10,500 "," 6,000 "," 11,500 "," 7,500 "
Boston," 2,000 "," 11,000 "," 4,000 "," 23,000 "," 12,000 ", -   ," 5,000 "," 25,500 "," 20,000 "," 9,500 "," 8,500 "," 11,500 "," 10,000 "," 9,500 "," 7,000 "," 8,000 "," 18,500 "," 20,500 "," 14,000 "," 7,500 "," 24,000 "," 16,500 "," 19,500 "," 19,500 "," 9,500 "," 12,000 "," 14,500 "," 9,500 "," 30,000 "," 15,000 "," 32,500 "," 10,500 "," 14,000 "," 16,000 "," 11,000 "," 14,000 "," 14,500 "," 12,000 "," 15,500 "," 2,500 "," 7,000 "," 33,000 "," 17,500 "," 15,000 "," 3,000 "," 29,500 "," 6,500 "," 25,500 "," 1,000 "," 32,000 "," 21,000 "," 20,500 "," 30,500 "," 5,500 "," 32,000 "," 25,500 "," 21,000 "," 32,500 "," 33,000 "," 31,500 "," 16,500 "," 28,500 "," 12,000 "," 14,000 "," 14,000 "," 21,000 "," 4,500 "
Buffalo," 3,000 "," 9,500 "," 4,000 "," 18,000 "," 9,000 "," 5,000 ", -   ," 20,500 "," 15,000 "," 9,500 "," 8,000 "," 8,000 "," 5,000 "," 4,500 "," 2,000 "," 3,000 "," 14,000 "," 15,500 "," 9,000 "," 2,500 "," 19,000 "," 11,500 "," 14,000 "," 15,500 "," 4,500 "," 12,000 "," 9,500 "," 7,500 "," 25,000 "," 10,500 "," 27,500 "," 5,500 "," 9,500 "," 15,500 "," 6,000 "," 9,000 "," 12,000 "," 7,500 "," 13,000 "," 4,000 "," 6,500 "," 28,000 "," 12,500 "," 10,000 "," 4,000 "," 24,500 "," 2,500 "," 20,500 "," 6,000 "," 27,000 "," 15,500 "," 14,000 "," 25,500 "," 5,500 "," 27,000 "," 20,500 "," 16,500 "," 27,000 "," 28,000 "," 26,500 "," 14,000 "," 23,500 "," 7,000 "," 9,000 "," 14,000 "," 16,500 "," 4,500 "
Butte," 23,500 "," 21,500 "," 23,000 "," 2,500 "," 20,000 "," 25,500 "," 20,500 ", -   ," 5,500 "," 26,000 "," 17,500 "," 14,000 "," 15,000 "," 18,000 "," 18,500 "," 18,500 "," 17,500 "," 9,000 "," 14,000 "," 18,000 "," 16,000 "," 9,000 "," 17,500 "," 20,000 "," 17,000 "," 24,500 "," 13,000 "," 21,000 "," 9,000 "," 18,000 "," 12,000 "," 18,000 "," 17,500 "," 28,500 "," 14,500 "," 11,000 "," 21,000 "," 18,500 "," 21,500 "," 24,000 "," 25,000 "," 12,000 "," 16,500 "," 11,500 "," 23,500 "," 16,500 "," 20,000 "," 2,500 "," 26,500 "," 7,000 "," 10,000 "," 7,500 "," 9,500 "," 23,500 "," 11,000 "," 4,500 "," 19,500 "," 13,000 "," 12,000 "," 6,500 "," 18,500 "," 3,500 "," 15,500 "," 11,000 "," 26,500 "," 13,500 "," 22,500 "
Casper," 18,000 "," 25,500 "," 18,000 "," 3,500 "," 14,000 "," 20,000 "," 15,000 "," 5,500 ", -   ," 19,000 "," 17,500 "," 14,000 "," 10,000 "," 12,500 "," 13,500 "," 13,000 "," 11,500 "," 3,500 "," 6,500 "," 12,500 "," 9,500 "," 7,500 "," 11,500 "," 14,500 "," 11,500 "," 18,500 "," 7,000 "," 14,500 "," 12,000 "," 11,500 "," 15,000 "," 12,000 "," 12,000 "," 22,000 "," 10,000 "," 8,000 "," 15,500 "," 12,500 "," 15,500 "," 19,000 "," 19,000 "," 15,000 "," 10,500 "," 5,000 "," 18,000 "," 14,000 "," 14,500 "," 7,500 "," 21,500 "," 13,000 "," 4,500 "," 3,000 "," 12,500 "," 18,500 "," 14,000 "," 7,500 "," 14,000 "," 16,500 "," 15,000 "," 12,500 "," 12,500 "," 9,000 "," 10,000 "," 8,000 "," 15,000 "," 8,000 "," 17,500 "
Charleston," 9,500 "," 3,000 "," 5,500 "," 22,500 "," 5,000 "," 9,500 "," 9,500 "," 26,000 "," 19,000 ", -   ," 2,500 "," 4,500 "," 10,000 "," 7,000 "," 9,500 "," 8,500 "," 11,500 "," 18,500 "," 13,000 "," 10,000 "," 19,000 "," 16,500 "," 11,500 "," 11,500 "," 8,000 "," 2,500 "," 12,000 "," 4,000 "," 26,500 "," 8,500 "," 26,000 "," 7,000 "," 7,500 "," 6,000 "," 11,000 "," 14,000 "," 6,000 "," 6,000 "," 7,500 "," 7,500 "," 4,500 "," 30,500 "," 12,000 "," 13,500 "," 8,000 "," 22,500 "," 8,000 "," 24,000 "," 11,000 "," 31,000 "," 18,500 "," 19,000 "," 29,500 "," 4,000 "," 31,000 "," 23,500 "," 13,500 "," 26,000 "," 30,500 "," 31,500 "," 9,500 "," 28,000 "," 9,000 "," 14,000 "," 4,500 "," 16,000 "," 5,000 "
Charlotte," 7,500 "," 2,500 "," 4,000 "," 21,000 "," 4,000 "," 8,500 "," 8,000 "," 17,500 "," 17,500 "," 2,500 ", -   ," 4,000 "," 8,500 "," 5,500 "," 6,500 "," 6,000 "," 11,000 "," 18,000 "," 11,500 "," 8,000 "," 17,500 "," 15,000 "," 11,000 "," 11,000 "," 6,500 "," 4,000 "," 11,000 "," 2,500 "," 26,000 "," 8,500 "," 25,500 "," 5,500 "," 7,000 "," 7,500 "," 9,500 "," 12,500 "," 6,000 "," 5,000 "," 7,500 "," 6,000 "," 4,000 "," 30,000 "," 11,500 "," 12,500 "," 5,000 "," 24,000 "," 6,000 "," 23,000 "," 9,500 "," 30,500 "," 18,000 "," 18,000 "," 27,500 "," 3,500 "," 29,000 "," 22,500 "," 13,500 "," 25,500 "," 30,000 "," 30,000 "," 9,000 "," 27,000 "," 8,000 "," 12,500 "," 6,000 "," 15,500 "," 4,000 "
Chattenooga," 10,000 "," 1,500 "," 6,500 "," 18,000 "," 1,500 "," 11,500 "," 8,000 "," 14,000 "," 14,000 "," 4,500 "," 4,000 ", -   ," 6,000 "," 3,500 "," 6,000 "," 4,500 "," 9,000 "," 14,000 "," 8,000 "," 6,000 "," 15,500 "," 12,500 "," 9,000 "," 8,500 "," 4,500 "," 5,000 "," 7,500 "," 1,000 "," 24,000 "," 5,500 "," 23,500 "," 3,000 "," 4,000 "," 8,500 "," 7,000 "," 10,000 "," 5,000 "," 1,500 "," 6,500 "," 8,500 "," 6,500 "," 27,000 "," 9,000 "," 9,000 "," 7,500 "," 19,000 "," 7,000 "," 21,500 "," 12,000 "," 26,500 "," 14,000 "," 14,500 "," 24,500 "," 6,000 "," 26,000 "," 20,500 "," 10,500 "," 23,500 "," 27,000 "," 27,000 "," 7,000 "," 18,500 "," 4,500 "," 10,000 "," 2,000 "," 13,000 "," 6,000 "
Chicago," 8,000 "," 7,500 "," 8,000 "," 13,000 "," 6,500 "," 10,000 "," 5,000 "," 15,000 "," 10,000 "," 10,000 "," 8,500 "," 6,000 ", -   ," 3,000 "," 3,500 "," 3,500 "," 9,500 "," 10,500 "," 3,500 "," 2,500 "," 14,000 "," 6,500 "," 9,500 "," 12,000 "," 2,000 "," 11,000 "," 4,500 "," 5,500 "," 19,500 "," 6,500 "," 22,500 "," 3,000 "," 5,500 "," 14,500 "," 1,000 "," 4,000 "," 8,500 "," 4,500 "," 9,000 "," 9,000 "," 9,500 "," 22,500 "," 8,000 "," 5,000 "," 8,000 "," 19,500 "," 4,500 "," 15,000 "," 11,500 "," 22,000 "," 10,500 "," 9,000 "," 20,000 "," 8,500 "," 22,000 "," 15,000 "," 12,000 "," 22,000 "," 22,500 "," 21,500 "," 8,500 "," 18,500 "," 3,000 "," 4,000 "," 12,500 "," 11,000 "," 7,500 "
Cincinnati," 7,000 "," 5,000 "," 6,000 "," 15,500 "," 5,000 "," 9,500 "," 4,500 "," 18,000 "," 12,500 "," 7,000 "," 5,500 "," 3,500 "," 3,000 ", -   ," 2,500 "," 1,000 "," 9,500 "," 12,500 "," 6,500 "," 2,500 "," 15,500 "," 9,000 "," 9,500 "," 12,500 "," 1,000 "," 8,500 "," 6,000 "," 3,000 "," 22,500 "," 6,500 "," 23,500 "," 1,000 "," 5,000 "," 12,000 "," 3,500 "," 7,000 "," 7,500 "," 3,000 "," 8,500 "," 7,500 "," 7,000 "," 25,500 "," 9,000 "," 7,500 "," 6,500 "," 21,000 "," 3,000 "," 18,000 "," 10,500 "," 24,500 "," 12,500 "," 12,000 "," 23,000 "," 6,000 "," 24,500 "," 18,000 "," 12,500 "," 23,500 "," 25,500 "," 24,000 "," 8,500 "," 21,000 "," 3,500 "," 7,000 "," 10,000 "," 12,500 "," 5,500 "
Cleveland," 5,000 "," 7,500 "," 4,500 "," 16,000 "," 7,500 "," 7,000 "," 2,000 "," 18,500 "," 13,500 "," 9,500 "," 6,500 "," 6,000 "," 3,500 "," 2,500 ", -   ," 1,500 "," 12,500 "," 13,500 "," 7,000 "," 1,500 "," 17,500 "," 10,000 "," 12,500 "," 13,500 "," 3,000 "," 11,000 "," 8,000 "," 5,500 "," 23,000 "," 9,000 "," 25,500 "," 3,500 "," 7,000 "," 14,500 "," 4,000 "," 7,500 "," 10,000 "," 5,500 "," 11,000 "," 5,500 "," 6,500 "," 26,000 "," 10,500 "," 8,500 "," 5,000 "," 22,500 "," 1,500 "," 19,000 "," 8,000 "," 25,500 "," 13,500 "," 12,500 "," 23,500 "," 5,500 "," 25,000 "," 18,500 "," 14,500 "," 25,000 "," 26,000 "," 25,000 "," 11,000 "," 21,500 "," 5,000 "," 7,500 "," 12,500 "," 14,500 "," 4,500 "
Columbus," 6,000 "," 6,000 "," 5,000 "," 16,000 "," 6,000 "," 8,000 "," 3,000 "," 18,500 "," 13,000 "," 8,500 "," 6,000 "," 4,500 "," 3,500 "," 1,000 "," 1,500 ", -   ," 11,000 "," 13,000 "," 7,000 "," 2,000 "," 17,000 "," 9,500 "," 11,000 "," 13,000 "," 1,500 "," 9,500 "," 6,500 "," 4,000 "," 22,500 "," 6,500 "," 24,000 "," 2,500 "," 6,000 "," 13,000 "," 4,000 "," 7,500 "," 8,000 "," 4,000 "," 9,500 "," 6,500 "," 7,000 "," 26,500 "," 10,000 "," 8,000 "," 5,500 "," 21,500 "," 2,000 "," 18,500 "," 9,500 "," 25,500 "," 13,000 "," 13,500 "," 23,500 "," 5,500 "," 25,000 "," 18,000 "," 13,500 "," 24,000 "," 26,500 "," 25,000 "," 11,500 "," 21,500 "," 4,000 "," 7,500 "," 11,500 "," 14,000 "," 5,000 "
Dallas," 17,000 "," 8,000 "," 14,500 "," 15,000 "," 6,500 "," 18,500 "," 14,000 "," 17,500 "," 11,500 "," 11,500 "," 11,000 "," 9,000 "," 9,500 "," 9,500 "," 12,500 "," 11,000 ", -   ," 8,500 "," 7,500 "," 12,000 "," 6,500 "," 12,500 ", 500 ," 2,500 "," 9,500 "," 11,000 "," 5,000 "," 9,000 "," 16,000 "," 3,500 "," 14,500 "," 8,500 "," 9,000 "," 14,500 "," 10,500 "," 10,000 "," 6,000 "," 7,000 "," 5,000 "," 16,000 "," 14,000 "," 19,500 "," 2,500 "," 7,000 "," 15,500 "," 11,000 "," 13,000 "," 15,000 "," 19,500 "," 22,500 "," 7,500 "," 12,500 "," 19,000 "," 14,000 "," 19,500 "," 13,500 "," 2,500 "," 14,500 "," 19,500 "," 24,000 "," 2,000 "," 21,000 "," 7,000 "," 10,000 "," 12,500 "," 5,000 "," 14,000 "
Denver," 18,500 "," 15,500 "," 18,000 "," 6,500 "," 13,500 "," 20,500 "," 15,500 "," 9,000 "," 3,500 "," 18,500 "," 18,000 "," 14,000 "," 10,500 "," 12,500 "," 13,500 "," 13,000 "," 8,500 ", -   ," 7,000 "," 13,000 "," 7,500 "," 11,500 "," 8,500 "," 11,000 "," 11,500 "," 18,000 "," 6,500 "," 14,500 "," 10,000 "," 11,000 "," 13,500 "," 12,000 "," 11,000 "," 22,000 "," 10,500 "," 9,000 "," 15,000 "," 12,500 "," 13,500 "," 19,500 "," 19,000 "," 13,500 "," 7,500 "," 5,500 "," 18,500 "," 10,500 "," 15,000 "," 6,000 "," 21,500 "," 13,500 "," 1,000 "," 5,500 "," 11,500 "," 18,500 "," 13,000 "," 5,500 "," 11,000 "," 14,500 "," 13,500 "," 15,500 "," 10,000 "," 12,500 "," 9,000 "," 9,000 "," 20,000 "," 4,500 "," 18,000 "
Des Moines," 12,000 "," 9,500 "," 11,500 "," 10,500 "," 8,000 "," 14,000 "," 9,000 "," 14,000 "," 6,500 "," 13,000 "," 11,500 "," 8,000 "," 3,500 "," 6,500 "," 7,000 "," 7,000 "," 7,500 "," 7,000 ", -   ," 6,500 "," 11,500 "," 5,000 "," 7,500 "," 10,000 "," 5,500 "," 13,000 "," 2,000 "," 9,000 "," 16,000 "," 7,000 "," 19,500 "," 6,000 "," 6,500 "," 16,500 "," 3,500 "," 2,500 "," 10,000 "," 6,500 "," 10,500 "," 12,500 "," 13,000 "," 19,000 "," 5,500 "," 1,500 "," 11,500 "," 17,000 "," 8,500 "," 12,000 "," 15,000 "," 19,000 "," 7,000 "," 7,000 "," 17,000 "," 12,000 "," 18,000 "," 11,500 "," 10,000 "," 20,500 "," 19,000 "," 19,500 "," 8,000 "," 16,500 "," 3,500 "," 2,500 "," 14,500 "," 9,000 "," 11,000 "
Detroit," 5,500 "," 7,500 "," 6,000 "," 15,500 "," 7,500 "," 7,500 "," 2,500 "," 18,000 "," 12,500 "," 10,000 "," 8,000 "," 6,000 "," 2,500 "," 2,500 "," 1,500 "," 2,000 "," 12,000 "," 13,000 "," 6,500 ", -   ," 16,500 "," 9,000 "," 12,000 "," 13,500 "," 3,000 "," 11,000 "," 7,000 "," 5,000 "," 22,500 "," 9,000 "," 25,000 "," 3,500 "," 7,500 "," 14,500 "," 3,500 "," 6,500 "," 10,000 "," 5,500 "," 11,000 "," 6,500 "," 8,000 "," 25,500 "," 10,500 "," 7,500 "," 6,500 "," 22,000 "," 3,000 "," 18,000 "," 8,500 "," 25,000 "," 13,000 "," 13,000 "," 23,000 "," 7,000 "," 24,500 "," 18,000 "," 14,000 "," 24,500 "," 25,500 "," 24,000 "," 10,500 "," 21,000 "," 5,000 "," 6,500 "," 12,500 "," 14,000 "," 6,000 "
El Paso," 22,000 "," 14,500 "," 21,000 "," 14,000 "," 13,000 "," 24,000 "," 19,000 "," 16,000 "," 9,500 "," 19,000 "," 17,500 "," 15,500 "," 14,000 "," 15,500 "," 17,500 "," 17,000 "," 6,500 "," 7,500 "," 11,500 "," 16,500 ", -   ," 16,500 "," 6,500 "," 8,500 "," 15,000 "," 17,500 "," 9,500 "," 15,500 "," 13,000 "," 10,000 "," 8,000 "," 15,000 "," 11,500 "," 21,500 "," 14,500 "," 14,000 "," 13,000 "," 13,500 "," 11,500 "," 23,000 "," 21,000 "," 13,000 "," 7,000 "," 11,500 "," 22,000 "," 4,500 "," 18,500 "," 13,500 "," 25,500 "," 20,000 "," 6,000 "," 13,000 "," 10,500 "," 20,500 "," 12,000 "," 12,500 "," 6,000 "," 8,000 "," 13,000 "," 22,000 "," 8,500 "," 20,000 "," 12,000 "," 14,000 "," 19,500 "," 3,500 "," 20,500 "
Fargo," 14,500 "," 13,500 "," 14,500 "," 6,500 "," 13,000 "," 16,500 "," 11,500 "," 9,000 "," 7,500 "," 16,500 "," 15,000 "," 12,500 "," 6,500 "," 9,000 "," 10,000 "," 9,500 "," 12,500 "," 11,500 "," 5,000 "," 9,000 "," 16,500 ", -   ," 12,500 "," 15,000 "," 8,000 "," 17,000 "," 7,000 "," 12,000 "," 17,500 "," 12,000 "," 21,000 "," 9,500 "," 11,000 "," 21,000 "," 5,500 "," 2,500 "," 14,500 "," 11,000 "," 15,000 "," 15,500 "," 16,000 "," 20,500 "," 10,500 "," 6,000 "," 14,500 "," 22,000 "," 11,000 "," 13,500 "," 17,500 "," 16,000 "," 12,500 "," 4,500 "," 15,000 "," 15,000 "," 20,000 "," 13,000 "," 15,000 "," 22,000 "," 20,500 "," 15,000 "," 13,000 "," 12,000 "," 8,000 "," 2,500 "," 19,000 "," 14,000 "," 14,000 "
Fort Worth," 17,000 "," 8,000 "," 14,500 "," 15,000 "," 6,500 "," 19,500 "," 14,000 "," 17,500 "," 11,500 "," 11,500 "," 11,000 "," 9,000 "," 9,500 "," 9,500 "," 12,500 "," 11,000 ", 500 ," 8,500 "," 7,500 "," 12,000 "," 6,500 "," 12,500 ", -   ," 2,500 "," 9,500 "," 11,000 "," 5,000 "," 9,000 "," 16,000 "," 4,000 "," 14,500 "," 8,500 "," 9,000 "," 14,500 "," 10,500 "," 10,000 "," 6,000 "," 7,000 "," 5,000 "," 16,500 "," 14,000 "," 19,500 "," 2,500 "," 7,000 "," 15,500 "," 11,000 "," 13,000 "," 15,000 "," 20,500 "," 22,500 "," 7,500 "," 12,500 "," 19,000 "," 14,000 "," 19,500 "," 13,500 "," 2,500 "," 14,500 "," 19,500 "," 24,000 "," 2,000 "," 21,000 "," 7,000 "," 10,000 "," 12,500 "," 5,000 "," 14,000 "
Houston," 18,500 "," 8,500 "," 15,000 "," 17,500 "," 7,000 "," 19,500 "," 15,500 "," 20,000 "," 14,500 "," 11,500 "," 11,000 "," 8,500 "," 12,000 "," 12,500 "," 13,500 "," 13,000 "," 2,500 "," 11,000 "," 10,000 "," 13,500 "," 8,500 "," 15,000 "," 2,500 ", -   ," 11,000 "," 9,500 "," 8,000 "," 9,500 "," 17,000 "," 4,500 "," 16,500 "," 10,000 "," 6,000 "," 13,500 "," 11,000 "," 12,500 "," 5,000 "," 8,500 "," 3,500 "," 17,000 "," 14,500 "," 21,000 "," 5,000 "," 9,500 "," 16,000 "," 13,000 "," 14,500 "," 17,500 "," 20,500 "," 25,000 "," 10,000 "," 15,500 "," 22,000 "," 14,500 "," 21,000 "," 16,000 "," 2,000 "," 16,000 "," 21,000 "," 26,500 "," 2,500 "," 23,500 "," 9,000 "," 12,500 "," 11,500 "," 8,000 "," 15,000 "
Indianapolis," 7,500 "," 6,000 "," 7,000 "," 14,500 "," 5,000 "," 9,500 "," 4,500 "," 17,000 "," 11,500 "," 8,000 "," 6,500 "," 4,500 "," 2,000 "," 1,000 "," 3,000 "," 1,500 "," 9,500 "," 11,500 "," 5,500 "," 3,000 "," 15,000 "," 8,000 "," 9,500 "," 11,000 ", -   ," 9,500 "," 5,000 "," 4,000 "," 21,500 "," 5,000 "," 22,500 "," 1,000 "," 5,000 "," 13,000 "," 2,500 "," 6,000 "," 8,000 "," 3,000 "," 8,500 "," 8,000 "," 8,000 "," 24,500 "," 7,500 "," 6,500 "," 7,000 "," 20,000 "," 3,500 "," 17,000 "," 10,500 "," 24,500 "," 11,500 "," 11,000 "," 22,000 "," 7,000 "," 23,500 "," 17,000 "," 11,500 "," 22,500 "," 24,500 "," 23,000 "," 9,000 "," 20,000 "," 2,500 "," 6,000 "," 11,000 "," 11,500 "," 6,500 "
Jacksonville," 11,000 "," 3,500 "," 8,000 "," 22,500 "," 4,500 "," 12,000 "," 12,000 "," 24,500 "," 18,500 "," 2,500 "," 4,000 "," 5,000 "," 11,000 "," 8,500 "," 11,000 "," 9,500 "," 11,000 "," 18,000 "," 13,000 "," 11,000 "," 17,500 "," 17,000 "," 11,000 "," 9,500 "," 9,500 ", -   ," 11,500 "," 5,500 "," 26,000 "," 8,000 "," 26,000 "," 8,000 "," 7,000 "," 3,000 "," 11,500 "," 15,000 "," 4,000 "," 6,500 "," 6,000 "," 10,000 "," 6,000 "," 30,000 "," 12,000 "," 13,500 "," 9,000 "," 22,000 "," 10,500 "," 23,500 "," 13,000 "," 31,500 "," 18,000 "," 19,000 "," 27,500 "," 6,500 "," 29,000 "," 23,500 "," 12,000 "," 25,500 "," 30,000 "," 31,500 "," 9,000 "," 28,000 "," 9,000 "," 15,000 "," 2,000 "," 16,000 "," 6,000 "
Kansas City," 12,500 "," 9,000 "," 12,000 "," 10,500 "," 7,500 "," 14,500 "," 9,500 "," 13,000 "," 7,000 "," 12,000 "," 11,000 "," 7,500 "," 4,500 "," 6,000 "," 8,000 "," 6,500 "," 5,000 "," 6,500 "," 2,000 "," 7,000 "," 9,500 "," 7,000 "," 5,000 "," 8,000 "," 5,000 "," 11,500 ", -   ," 8,000 "," 16,500 "," 5,000 "," 17,500 "," 5,500 "," 5,000 "," 15,500 "," 5,500 "," 5,000 "," 8,500 "," 6,000 "," 8,500 "," 13,500 "," 13,000 "," 19,500 "," 3,500 "," 2,000 "," 12,000 "," 15,000 "," 9,000 "," 12,500 "," 16,000 "," 19,500 "," 6,000 "," 7,500 "," 17,500 "," 12,000 "," 19,000 "," 12,000 "," 8,000 "," 17,500 "," 19,500 "," 19,500 "," 5,500 "," 16,500 "," 3,000 "," 5,000 "," 13,500 "," 6,500 "," 11,500 "
Knoxville," 8,500 "," 2,000 "," 5,500 "," 18,500 "," 2,500 "," 9,500 "," 7,500 "," 21,000 "," 14,500 "," 4,000 "," 2,500 "," 1,000 "," 5,500 "," 3,000 "," 5,500 "," 4,000 "," 9,000 "," 14,500 "," 9,000 "," 5,000 "," 15,500 "," 12,000 "," 9,000 "," 9,500 "," 4,000 "," 5,500 "," 8,000 ", -   ," 24,500 "," 5,500 "," 23,500 "," 3,000 "," 4,000 "," 9,000 "," 6,500 "," 9,500 "," 5,500 "," 2,000 "," 6,000 "," 7,500 "," 5,500 "," 27,000 "," 9,000 "," 9,500 "," 6,500 "," 21,500 "," 6,000 "," 20,500 "," 10,500 "," 27,500 "," 14,500 "," 15,000 "," 25,000 "," 5,000 "," 26,500 "," 20,000 "," 11,500 "," 23,500 "," 27,000 "," 27,000 "," 8,000 "," 24,000 "," 5,500 "," 9,500 "," 7,000 "," 13,000 "," 5,000 "
Las Vegas," 28,000 "," 23,000 "," 27,500 "," 11,000 "," 23,500 "," 30,000 "," 25,000 "," 9,000 "," 12,000 "," 26,500 "," 26,000 "," 24,000 "," 19,500 "," 22,500 "," 23,000 "," 22,500 "," 16,000 "," 10,000 "," 16,000 "," 22,500 "," 13,000 "," 17,500 "," 16,000 "," 17,000 "," 21,500 "," 26,000 "," 16,500 "," 24,500 ", -   ," 19,000 "," 3,000 "," 21,500 "," 21,000 "," 30,000 "," 19,500 "," 18,000 "," 21,500 "," 22,000 "," 20,000 "," 28,000 "," 29,000 "," 6,500 "," 15,500 "," 15,000 "," 28,000 "," 7,500 "," 24,500 "," 6,000 "," 26,000 "," 13,500 "," 11,000 "," 14,000 "," 8,000 "," 28,000 "," 6,500 "," 4,500 "," 14,500 "," 4,500 "," 6,500 "," 15,000 "," 17,000 "," 17,000 "," 19,000 "," 18,000 "," 28,500 "," 9,500 "," 27,500 "
Little Rock," 13,500 "," 5,500 "," 11,000 "," 15,500 "," 4,000 "," 15,000 "," 10,500 "," 18,000 "," 11,500 "," 8,500 "," 8,500 "," 5,500 "," 6,500 "," 6,500 "," 9,000 "," 6,500 "," 3,500 "," 11,000 "," 7,000 "," 9,000 "," 10,000 "," 12,000 "," 4,000 "," 4,500 "," 5,000 "," 8,000 "," 5,000 "," 5,500 "," 19,000 ", -   ," 18,500 "," 5,000 "," 1,500 "," 11,500 "," 7,500 "," 9,500 "," 5,000 "," 3,500 "," 4,500 "," 13,000 "," 11,000 "," 21,500 "," 3,500 "," 7,000 "," 12,000 "," 16,000 "," 9,500 "," 16,000 "," 18,000 "," 24,500 "," 10,000 "," 12,500 "," 21,500 "," 10,500 "," 21,500 "," 16,000 "," 6,000 "," 18,000 "," 21,500 "," 26,500 "," 2,000 "," 23,000 "," 3,500 "," 9,500 "," 9,500 "," 7,500 "," 10,500 "
Los Angeles," 30,500 "," 23,000 "," 29,000 "," 14,500 "," 21,000 "," 32,500 "," 27,500 "," 12,000 "," 15,000 "," 26,000 "," 25,500 "," 23,500 "," 22,500 "," 23,500 "," 25,500 "," 24,000 "," 14,500 "," 13,500 "," 19,500 "," 25,000 "," 8,000 "," 21,000 "," 14,500 "," 16,500 "," 22,500 "," 26,000 "," 17,500 "," 23,500 "," 3,000 "," 18,500 ", -   ," 23,000 "," 19,500 "," 29,500 "," 22,500 "," 21,500 "," 21,000 "," 22,000 "," 19,500 "," 31,000 "," 29,500 "," 4,500 "," 15,000 "," 18,000 "," 30,000 "," 4,500 "," 26,500 "," 9,000 "," 33,500 "," 12,000 "," 13,500 "," 17,500 "," 6,000 "," 28,500 "," 5,000 "," 8,000 "," 14,500 "," 1,500 "," 4,500 "," 13,500 "," 16,500 "," 15,500 "," 20,500 "," 21,500 "," 27,500 "," 11,500 "," 29,000 "
Louisville," 8,500 "," 4,500 "," 7,000 "," 16,000 "," 4,000 "," 10,500 "," 5,500 "," 18,000 "," 12,000 "," 7,000 "," 5,500 "," 3,000 "," 3,000 "," 1,000 "," 3,500 "," 2,500 "," 8,500 "," 12,000 "," 6,000 "," 3,500 "," 15,000 "," 9,500 "," 8,500 "," 10,000 "," 1,000 "," 8,000 "," 5,500 "," 3,000 "," 21,500 "," 5,000 "," 23,000 ", -   ," 4,000 "," 12,000 "," 4,000 "," 7,000 "," 5,500 "," 2,000 "," 7,500 "," 8,500 "," 8,000 "," 24,500 "," 8,500 "," 7,000 "," 8,000 "," 22,500 "," 4,500 "," 17,500 "," 11,500 "," 24,500 "," 12,000 "," 12,500 "," 22,500 "," 7,000 "," 24,000 "," 17,000 "," 11,500 "," 22,500 "," 24,500 "," 25,000 "," 8,000 "," 22,000 "," 2,500 "," 7,000 "," 10,000 "," 12,000 "," 6,500 "
Memphis," 12,500 "," 4,000 "," 9,500 "," 15,500 "," 2,500 "," 14,000 "," 9,500 "," 17,500 "," 12,000 "," 7,500 "," 7,000 "," 4,000 "," 5,500 "," 5,000 "," 7,000 "," 6,000 "," 9,000 "," 11,000 "," 6,500 "," 7,500 "," 11,500 "," 11,000 "," 9,000 "," 6,000 "," 5,000 "," 7,000 "," 5,000 "," 4,000 "," 21,000 "," 1,500 "," 19,500 "," 4,000 ", -   ," 10,500 "," 6,000 "," 9,000 "," 3,500 "," 2,500 "," 4,000 "," 11,500 "," 9,500 "," 23,000 "," 5,000 "," 6,500 "," 10,500 "," 17,500 "," 8,000 "," 17,000 "," 15,000 "," 25,000 "," 11,000 "," 12,500 "," 20,500 "," 9,000 "," 22,000 "," 16,500 "," 7,500 "," 19,000 "," 23,000 "," 24,500 "," 4,000 "," 21,500 "," 3,000 "," 9,000 "," 8,500 "," 8,500 "," 9,500 "
Miami," 15,000 "," 7,000 "," 11,500 "," 26,000 "," 8,000 "," 16,000 "," 15,500 "," 28,500 "," 22,000 "," 6,000 "," 7,500 "," 8,500 "," 14,500 "," 12,000 "," 14,500 "," 13,000 "," 14,500 "," 22,000 "," 16,500 "," 14,500 "," 21,500 "," 21,000 "," 14,500 "," 13,500 "," 13,000 "," 3,000 "," 15,500 "," 9,000 "," 30,000 "," 11,500 "," 29,500 "," 12,000 "," 10,500 ", -   ," 15,500 "," 18,500 "," 8,500 "," 10,000 "," 10,000 "," 13,500 "," 9,500 "," 33,500 "," 15,500 "," 17,000 "," 12,500 "," 26,000 "," 14,000 "," 27,500 "," 17,000 "," 35,000 "," 21,500 "," 22,500 "," 33,000 "," 10,000 "," 33,500 "," 27,000 "," 15,500 "," 29,000 "," 33,500 "," 35,000 "," 12,500 "," 32,000 "," 13,000 "," 18,500 "," 2,000 "," 19,500 "," 11,000 "
Milwaukee," 9,000 "," 8,000 "," 8,000 "," 12,000 "," 7,500 "," 11,000 "," 6,000 "," 14,500 "," 10,000 "," 11,000 "," 9,500 "," 7,000 "," 1,000 "," 3,500 "," 4,000 "," 4,000 "," 10,500 "," 10,500 "," 3,500 "," 3,500 "," 14,500 "," 5,500 "," 10,500 "," 11,000 "," 2,500 "," 11,500 "," 5,500 "," 6,500 "," 19,500 "," 7,500 "," 22,500 "," 4,000 "," 6,000 "," 15,500 ", -   ," 3,500 "," 9,000 "," 5,500 "," 10,000 "," 10,000 "," 10,500 "," 22,500 "," 8,500 "," 5,000 "," 9,000 "," 19,500 "," 5,500 "," 15,500 "," 12,000 "," 21,500 "," 11,500 "," 9,000 "," 20,500 "," 9,500 "," 22,000 "," 15,000 "," 13,000 "," 23,000 "," 22,500 "," 21,000 "," 8,500 "," 18,000 "," 3,500 "," 3,500 "," 13,500 "," 11,000 "," 8,500 "
Minneapolis," 12,500 "," 11,500 "," 12,000 "," 9,000 "," 10,500 "," 14,000 "," 9,000 "," 11,000 "," 8,000 "," 14,000 "," 12,500 "," 10,000 "," 4,000 "," 7,000 "," 7,500 "," 7,500 "," 10,000 "," 9,000 "," 2,500 "," 6,500 "," 14,000 "," 2,500 "," 10,000 "," 12,500 "," 6,000 "," 15,000 "," 5,000 "," 9,500 "," 18,000 "," 9,500 "," 21,500 "," 7,000 "," 9,000 "," 18,500 "," 3,500 ", -   ," 12,500 "," 8,500 "," 12,500 "," 13,000 "," 13,500 "," 21,000 "," 8,000 "," 3,500 "," 12,000 "," 19,500 "," 8,500 "," 13,500 "," 15,500 "," 18,000 "," 9,500 "," 5,000 "," 19,000 "," 12,500 "," 20,500 "," 13,500 "," 12,500 "," 22,500 "," 21,000 "," 17,500 "," 8,000 "," 14,500 "," 5,500 ", -   ," 16,500 "," 11,500 "," 11,500 "
Mobile," 13,500 "," 3,500 "," 10,500 "," 19,000 "," 3,000 "," 14,500 "," 12,000 "," 21,000 "," 15,500 "," 6,000 "," 6,000 "," 5,000 "," 8,500 "," 7,500 "," 10,000 "," 8,000 "," 6,000 "," 15,000 "," 10,000 "," 10,000 "," 13,000 "," 14,500 "," 6,000 "," 5,000 "," 8,000 "," 4,000 "," 8,500 "," 5,500 "," 21,500 "," 5,000 "," 21,000 "," 5,500 "," 3,500 "," 8,500 "," 9,000 "," 12,500 ", -   ," 5,000 "," 1,500 "," 12,000 "," 9,500 "," 26,000 "," 8,000 "," 10,500 "," 11,000 "," 17,500 "," 10,500 "," 22,500 "," 14,500 "," 28,500 "," 14,000 "," 16,000 "," 25,000 "," 9,500 "," 26,000 "," 19,500 "," 7,000 "," 21,000 "," 26,000 "," 28,000 "," 4,500 "," 25,000 "," 6,500 "," 12,500 "," 6,500 "," 11,500 "," 10,000 "
Nashville," 10,500 "," 3,000 "," 7,500 "," 16,500 "," 2,000 "," 12,000 "," 7,500 "," 18,500 "," 12,500 "," 6,000 "," 5,000 "," 1,500 "," 4,500 "," 3,000 "," 5,500 "," 4,000 "," 7,000 "," 12,500 "," 6,500 "," 5,500 "," 13,500 "," 11,000 "," 7,000 "," 8,500 "," 3,000 "," 6,500 "," 6,000 "," 2,000 "," 22,000 "," 3,500 "," 22,000 "," 2,000 "," 2,500 "," 10,000 "," 5,500 "," 8,500 "," 5,000 ", -   ," 5,500 "," 9,500 "," 8,000 "," 25,500 "," 7,500 "," 7,500 "," 8,500 "," 19,500 "," 6,000 "," 19,000 "," 13,000 "," 25,000 "," 12,500 "," 13,000 "," 23,000 "," 7,000 "," 24,500 "," 19,000 "," 10,000 "," 21,500 "," 25,500 "," 25,500 "," 6,500 "," 22,500 "," 3,000 "," 8,500 "," 8,000 "," 11,000 "," 7,000 "
New Orleans," 15,000 "," 5,000 "," 11,500 "," 19,000 "," 3,500 "," 15,500 "," 13,000 "," 21,500 "," 15,500 "," 7,500 "," 7,500 "," 6,500 "," 9,000 "," 8,500 "," 11,000 "," 9,500 "," 5,000 "," 13,500 "," 10,500 "," 11,000 "," 11,500 "," 15,000 "," 5,000 "," 3,500 "," 8,500 "," 6,000 "," 8,500 "," 6,000 "," 20,000 "," 4,500 "," 19,500 "," 7,500 "," 4,000 "," 10,000 "," 10,000 "," 12,500 "," 1,500 "," 5,500 ", -   ," 13,500 "," 10,000 "," 24,500 "," 7,500 "," 10,500 "," 12,500 "," 16,000 "," 11,500 "," 18,500 "," 16,500 "," 27,500 "," 13,500 "," 15,500 "," 22,000 "," 10,500 "," 23,500 "," 18,500 "," 5,500 "," 19,500 "," 24,500 "," 29,000 "," 3,000 "," 26,000 "," 7,000 "," 12,500 "," 8,000 "," 10,000 "," 11,000 "
New York," 1,500 "," 8,500 "," 2,000 "," 22,000 "," 10,000 "," 2,500 "," 4,000 "," 24,000 "," 19,000 "," 7,500 "," 6,000 "," 8,500 "," 9,000 "," 7,500 "," 5,500 "," 6,500 "," 16,000 "," 19,500 "," 12,500 "," 6,500 "," 23,000 "," 15,500 "," 16,500 "," 17,000 "," 8,000 "," 10,000 "," 13,500 "," 7,500 "," 28,000 "," 13,000 "," 31,000 "," 8,500 "," 11,500 "," 13,500 "," 10,000 "," 13,000 "," 12,000 "," 9,500 "," 13,500 ", -   ," 4,500 "," 31,500 "," 16,000 "," 14,000 "," 1,000 "," 28,000 "," 4,500 "," 24,500 "," 3,500 "," 31,000 "," 19,500 "," 18,000 "," 29,500 "," 3,500 "," 31,000 "," 24,000 "," 19,000 "," 30,500 "," 31,500 "," 30,500 "," 15,500 "," 27,500 "," 10,500 "," 13,000 "," 12,000 "," 20,000 "," 2,000 "
Norfolk," 6,000 "," 5,500 "," 2,500 "," 22,000 "," 7,000 "," 7,000 "," 6,500 "," 25,000 "," 19,000 "," 4,500 "," 4,000 "," 6,500 "," 9,500 "," 7,000 "," 6,500 "," 7,000 "," 14,000 "," 19,000 "," 13,000 "," 8,000 "," 21,000 "," 16,000 "," 14,000 "," 14,500 "," 8,000 "," 6,000 "," 13,000 "," 5,500 "," 29,000 "," 11,000 "," 29,500 "," 8,000 "," 9,500 "," 9,500 "," 10,500 "," 13,500 "," 9,500 "," 8,000 "," 10,000 "," 4,500 ", -   ," 32,000 "," 15,000 "," 14,000 "," 3,500 "," 26,500 "," 5,000 "," 24,500 "," 8,000 "," 32,000 "," 19,000 "," 19,500 "," 28,500 "," 1,000 "," 31,000 "," 24,500 "," 16,000 "," 28,000 "," 32,000 "," 31,000 "," 12,000 "," 28,000 "," 10,000 "," 13,500 "," 8,000 "," 18,500 "," 2,500 "
Oakland," 31,000 "," 27,000 "," 30,500 "," 14,000 "," 25,500 "," 33,000 "," 28,000 "," 12,000 "," 15,000 "," 30,500 "," 30,000 "," 27,000 "," 22,500 "," 25,500 "," 26,000 "," 26,500 "," 19,500 "," 13,500 "," 19,000 "," 25,500 "," 13,000 "," 20,500 "," 19,500 "," 21,000 "," 24,500 "," 30,000 "," 19,500 "," 27,000 "," 6,500 "," 21,500 "," 4,500 "," 24,500 "," 23,000 "," 33,500 "," 22,500 "," 21,000 "," 26,000 "," 25,500 "," 24,500 "," 31,500 "," 32,000 ", -   ," 18,000 "," 17,500 "," 31,000 "," 9,000 "," 27,500 "," 9,000 "," 34,000 "," 7,000 "," 14,000 "," 17,500 "," 2,500 "," 31,000 "," 1,000 "," 8,000 "," 19,000 "," 6,000 ", -   ," 9,000 "," 21,500 "," 11,000 "," 22,000 "," 21,000 "," 31,500 "," 14,500 "," 30,500 "
Oklahoma City," 15,500 "," 9,000 "," 14,500 "," 14,000 "," 7,500 "," 17,500 "," 12,500 "," 16,500 "," 10,500 "," 12,000 "," 11,500 "," 9,000 "," 8,000 "," 9,000 "," 10,500 "," 10,000 "," 2,500 "," 7,500 "," 5,500 "," 10,500 "," 7,000 "," 10,500 "," 2,500 "," 5,000 "," 7,500 "," 12,000 "," 3,500 "," 9,000 "," 15,500 "," 3,500 "," 15,000 "," 8,500 "," 5,000 "," 15,500 "," 8,500 "," 8,000 "," 8,000 "," 7,500 "," 7,500 "," 16,000 "," 15,000 "," 18,000 ", -   ," 5,500 "," 15,000 "," 12,500 "," 11,500 "," 12,500 "," 18,500 "," 21,500 "," 7,000 "," 9,000 "," 16,000 "," 14,000 "," 17,500 "," 12,500 "," 5,000 "," 14,500 "," 18,000 "," 23,000 "," 10,500 "," 20,000 "," 5,500 "," 8,000 "," 13,500 "," 4,000 "," 14,000 "
Omaha," 13,000 "," 10,000 "," 13,000 "," 9,000 "," 9,000 "," 15,000 "," 10,000 "," 11,500 "," 5,000 "," 13,500 "," 12,500 "," 9,000 "," 5,000 "," 7,500 "," 8,500 "," 8,000 "," 7,000 "," 5,500 "," 1,500 "," 7,500 "," 11,500 "," 6,000 "," 7,000 "," 9,500 "," 6,500 "," 13,500 "," 2,000 "," 9,500 "," 15,000 "," 7,000 "," 18,000 "," 7,000 "," 6,500 "," 17,000 "," 5,000 "," 3,500 "," 10,500 "," 7,500 "," 10,500 "," 14,000 "," 14,000 "," 17,500 "," 5,500 ", -   ," 13,000 "," 16,000 "," 9,500 "," 10,500 "," 16,000 "," 17,500 "," 5,500 "," 5,500 "," 15,500 "," 13,500 "," 17,000 "," 10,500 "," 10,000 "," 19,000 "," 17,500 "," 18,000 "," 7,500 "," 15,000 "," 4,000 "," 3,500 "," 15,000 "," 8,500 "," 12,500 "
Philadelphia," 2,500 "," 7,500 "," 1,000 "," 21,000 "," 9,000 "," 3,000 "," 4,000 "," 23,500 "," 18,000 "," 8,000 "," 5,000 "," 7,500 "," 8,000 "," 6,500 "," 5,000 "," 5,500 "," 15,500 "," 18,500 "," 11,500 "," 6,500 "," 22,000 "," 14,500 "," 15,500 "," 16,000 "," 7,000 "," 9,000 "," 12,000 "," 6,500 "," 28,000 "," 12,000 "," 30,000 "," 8,000 "," 10,500 "," 12,500 "," 9,000 "," 12,000 "," 11,000 "," 8,500 "," 12,500 "," 1,000 "," 3,500 "," 31,000 "," 15,000 "," 13,000 ", -   ," 27,000 "," 3,500 "," 23,500 "," 4,500 "," 30,000 "," 18,500 "," 17,000 "," 28,500 "," 2,500 "," 30,000 "," 23,500 "," 18,000 "," 29,500 "," 31,000 "," 29,500 "," 13,500 "," 26,500 "," 9,500 "," 12,000 "," 11,000 "," 19,000 "," 1,500 "
Phoenix," 27,500 "," 19,000 "," 27,000 "," 19,000 "," 17,500 "," 29,500 "," 24,500 "," 16,500 "," 14,000 "," 22,500 "," 24,000 "," 19,000 "," 19,500 "," 21,000 "," 22,500 "," 21,500 "," 11,000 "," 10,500 "," 17,000 "," 22,000 "," 4,500 "," 22,000 "," 11,000 "," 13,000 "," 20,000 "," 22,000 "," 15,000 "," 21,500 "," 7,500 "," 16,000 "," 4,500 "," 22,500 "," 17,500 "," 26,000 "," 19,500 "," 19,500 "," 17,500 "," 19,500 "," 16,000 "," 28,000 "," 26,500 "," 9,000 "," 12,500 "," 16,000 "," 27,000 ", -   ," 23,500 "," 14,000 "," 30,500 "," 16,000 "," 9,500 "," 16,000 "," 10,500 "," 26,500 "," 9,000 "," 12,000 "," 10,500 "," 4,000 "," 9,000 "," 18,000 "," 13,000 "," 20,000 "," 18,000 "," 19,500 "," 24,000 "," 8,500 "," 26,500 "
Pittsburgh," 5,500 "," 8,000 "," 3,500 "," 17,500 "," 8,000 "," 6,500 "," 2,500 "," 20,000 "," 14,500 "," 8,000 "," 6,000 "," 7,000 "," 4,500 "," 3,000 "," 1,500 "," 2,000 "," 13,000 "," 15,000 "," 8,500 "," 3,000 "," 18,500 "," 11,000 "," 13,000 "," 14,500 "," 3,500 "," 10,500 "," 9,000 "," 6,000 "," 24,500 "," 9,500 "," 26,500 "," 4,500 "," 8,000 "," 14,000 "," 5,500 "," 8,500 "," 10,500 "," 6,000 "," 11,500 "," 4,500 "," 5,000 "," 27,500 "," 11,500 "," 9,500 "," 3,500 "," 23,500 ", -   ," 20,000 "," 8,000 "," 26,500 "," 15,000 "," 13,500 "," 25,000 "," 4,000 "," 26,500 "," 20,000 "," 15,500 "," 26,000 "," 27,500 "," 26,000 "," 12,000 "," 23,000 "," 6,000 "," 8,500 "," 12,500 "," 15,500 "," 3,000 "
Pocatello," 23,500 "," 21,000 "," 23,500 "," 5,000 "," 20,500 "," 25,500 "," 20,500 "," 2,500 "," 7,500 "," 24,000 "," 23,000 "," 21,500 "," 15,000 "," 18,000 "," 19,000 "," 18,500 "," 15,000 "," 6,000 "," 12,000 "," 18,000 "," 13,500 "," 13,500 "," 15,000 "," 17,500 "," 17,000 "," 23,500 "," 12,500 "," 20,500 "," 6,000 "," 16,000 "," 9,000 "," 17,500 "," 17,000 "," 27,500 "," 15,500 "," 13,500 "," 22,500 "," 19,000 "," 18,500 "," 24,500 "," 24,500 "," 9,000 "," 12,500 "," 10,500 "," 23,500 "," 14,000 "," 20,000 ", -   ," 27,000 "," 7,000 "," 7,500 "," 10,000 "," 7,000 "," 24,000 "," 8,500 "," 1,500 "," 17,500 "," 11,000 "," 9,000 "," 9,000 "," 15,500 "," 6,000 "," 14,500 "," 13,500 "," 25,500 "," 11,000 "," 23,000 "
"Portland, Ma."," 3,000 "," 12,000 "," 5,500 "," 24,000 "," 13,500 "," 1,000 "," 6,000 "," 26,500 "," 21,500 "," 11,000 "," 9,500 "," 12,000 "," 11,500 "," 10,500 "," 8,000 "," 9,500 "," 19,500 "," 21,500 "," 15,000 "," 8,500 "," 25,500 "," 17,500 "," 20,500 "," 20,500 "," 10,500 "," 13,000 "," 16,000 "," 10,500 "," 26,000 "," 18,000 "," 33,500 "," 11,500 "," 15,000 "," 17,000 "," 12,000 "," 15,500 "," 14,500 "," 13,000 "," 16,500 "," 3,500 "," 8,000 "," 34,000 "," 18,500 "," 16,000 "," 4,500 "," 30,500 "," 8,000 "," 27,000 ", -   ," 33,500 "," 22,000 "," 21,500 "," 31,500 "," 7,000 "," 33,500 "," 26,500 "," 22,500 "," 33,500 "," 34,000 "," 32,500 "," 18,000 "," 29,500 "," 13,000 "," 15,500 "," 15,000 "," 22,000 "," 5,500 "
"Portland, Ore"," 30,000 "," 28,000 "," 30,500 "," 9,500 "," 26,500 "," 32,000 "," 27,000 "," 7,000 "," 13,000 "," 31,000 "," 30,500 "," 26,500 "," 22,000 "," 24,500 "," 25,500 "," 25,500 "," 22,500 "," 13,500 "," 19,000 "," 25,000 "," 20,000 "," 16,000 "," 22,500 "," 25,000 "," 24,500 "," 31,500 "," 19,500 "," 27,500 "," 13,500 "," 24,500 "," 12,000 "," 24,500 "," 25,000 "," 35,000 "," 21,500 "," 18,000 "," 28,500 "," 25,000 "," 27,500 "," 31,000 "," 32,000 "," 7,000 "," 21,500 "," 17,500 "," 30,000 "," 16,000 "," 26,500 "," 7,000 "," 33,500 ", -   ," 14,500 "," 14,500 "," 7,500 "," 31,000 "," 6,500 "," 9,000 "," 25,000 "," 13,000 "," 7,000 "," 2,000 "," 24,000 "," 3,500 "," 22,000 "," 18,000 "," 33,000 "," 18,500 "," 30,000 "
Pueblo," 18,500 "," 15,000 "," 18,000 "," 7,500 "," 13,500 "," 21,000 "," 15,500 "," 10,000 "," 4,500 "," 18,500 "," 18,000 "," 14,000 "," 10,500 "," 12,500 "," 13,500 "," 13,000 "," 7,500 "," 1,000 "," 7,000 "," 13,000 "," 6,000 "," 12,500 "," 7,500 "," 10,000 "," 11,500 "," 18,000 "," 6,000 "," 14,500 "," 11,000 "," 10,000 "," 13,500 "," 12,000 "," 11,000 "," 21,500 "," 11,500 "," 9,500 "," 14,000 "," 12,500 "," 13,500 "," 19,500 "," 19,000 "," 14,000 "," 7,000 "," 5,500 "," 18,500 "," 9,500 "," 15,000 "," 7,500 "," 22,000 "," 14,500 ", -   ," 6,500 "," 12,000 "," 18,500 "," 13,500 "," 6,500 "," 9,500 "," 13,500 "," 14,000 "," 16,000 "," 10,000 "," 13,000 "," 9,000 "," 9,500 "," 20,000 "," 3,500 "," 18,000 "
Rapid City," 17,000 "," 16,000 "," 17,000 "," 5,000 "," 14,500 "," 20,500 "," 14,000 "," 7,500 "," 3,000 "," 19,000 "," 18,000 "," 14,500 "," 9,000 "," 12,000 "," 12,500 "," 13,500 "," 12,500 "," 5,500 "," 7,000 "," 13,000 "," 13,000 "," 4,500 "," 12,500 "," 15,500 "," 11,000 "," 19,000 "," 7,500 "," 15,000 "," 14,000 "," 12,500 "," 17,500 "," 12,500 "," 12,500 "," 22,500 "," 9,000 "," 5,000 "," 16,000 "," 13,000 "," 15,500 "," 18,000 "," 19,500 "," 17,500 "," 9,000 "," 5,500 "," 17,000 "," 16,000 "," 13,500 "," 10,000 "," 21,500 "," 14,500 "," 6,500 ", -   ," 15,500 "," 19,000 "," 17,000 "," 9,500 "," 15,000 "," 18,500 "," 17,500 "," 14,000 "," 13,000 "," 11,000 "," 9,500 "," 5,000 "," 20,500 "," 11,000 "," 18,000 "
Reno," 25,500 "," 26,000 "," 28,500 "," 12,000 "," 23,000 "," 30,500 "," 25,500 "," 9,500 "," 12,500 "," 29,500 "," 27,500 "," 24,500 "," 20,000 "," 23,000 "," 23,500 "," 23,500 "," 19,000 "," 11,500 "," 17,000 "," 23,000 "," 10,500 "," 15,000 "," 19,000 "," 22,000 "," 22,000 "," 27,500 "," 17,500 "," 25,000 "," 8,000 "," 21,500 "," 6,000 "," 22,500 "," 20,500 "," 33,000 "," 20,500 "," 19,000 "," 25,000 "," 23,000 "," 22,000 "," 29,500 "," 28,500 "," 2,500 "," 16,000 "," 15,500 "," 28,500 "," 10,500 "," 25,000 "," 7,000 "," 31,500 "," 7,500 "," 12,000 "," 15,500 ", -   ," 28,000 "," 1,500 "," 5,500 "," 20,000 "," 8,500 "," 2,500 "," 9,500 "," 21,000 "," 11,000 "," 20,500 "," 19,000 "," 31,000 "," 15,500 "," 28,000 "
Richmond," 5,000 "," 6,000 "," 1,500 "," 21,500 "," 7,500 "," 5,500 "," 5,500 "," 23,500 "," 18,500 "," 4,000 "," 3,500 "," 6,000 "," 8,500 "," 6,000 "," 5,500 "," 5,500 "," 14,000 "," 18,500 "," 12,000 "," 7,000 "," 20,500 "," 15,000 "," 14,000 "," 14,500 "," 7,000 "," 6,500 "," 12,000 "," 5,000 "," 28,000 "," 10,500 "," 28,500 "," 7,000 "," 9,000 "," 10,000 "," 9,500 "," 12,500 "," 9,500 "," 7,000 "," 10,500 "," 3,500 "," 1,000 "," 31,000 "," 14,000 "," 13,500 "," 2,500 "," 26,500 "," 4,000 "," 24,000 "," 7,000 "," 31,000 "," 18,500 "," 19,000 "," 28,000 ", -   ," 30,500 "," 23,500 "," 16,500 "," 28,500 "," 31,000 "," 30,000 "," 12,000 "," 27,000 "," 9,000 "," 12,500 "," 8,500 "," 18,000 "," 1,000 "
Sacramento," 27,000 "," 27,000 "," 30,000 "," 13,500 "," 24,000 "," 32,000 "," 27,000 "," 11,000 "," 14,000 "," 31,000 "," 29,000 "," 26,000 "," 22,000 "," 24,500 "," 25,000 "," 25,000 "," 19,500 "," 13,000 "," 18,000 "," 24,500 "," 12,000 "," 20,000 "," 19,500 "," 21,000 "," 23,500 "," 29,000 "," 19,000 "," 26,500 "," 6,500 "," 21,500 "," 5,000 "," 24,000 "," 22,000 "," 33,500 "," 22,000 "," 20,500 "," 26,000 "," 24,500 "," 23,500 "," 31,000 "," 31,000 "," 1,000 "," 17,500 "," 17,000 "," 30,000 "," 9,000 "," 26,500 "," 8,500 "," 33,500 "," 6,500 "," 13,500 "," 17,000 "," 1,500 "," 30,500 ", -   ," 7,000 "," 19,000 "," 6,500 "," 1,000 "," 8,500 "," 21,500 "," 10,000 "," 21,000 "," 20,500 "," 31,500 "," 14,500 "," 29,500 "
Salt Lake City," 23,500 "," 20,500 "," 23,000 "," 6,500 "," 19,000 "," 25,500 "," 20,500 "," 4,500 "," 7,500 "," 23,500 "," 22,500 "," 20,500 "," 15,000 "," 18,000 "," 18,500 "," 18,000 "," 13,500 "," 5,500 "," 11,500 "," 18,000 "," 12,500 "," 13,000 "," 13,500 "," 16,000 "," 17,000 "," 23,500 "," 12,000 "," 20,000 "," 4,500 "," 16,000 "," 8,000 "," 17,000 "," 16,500 "," 27,000 "," 15,000 "," 13,500 "," 19,500 "," 19,000 "," 18,500 "," 24,000 "," 24,500 "," 8,000 "," 12,500 "," 10,500 "," 23,500 "," 12,000 "," 20,000 "," 1,500 "," 26,500 "," 9,000 "," 6,500 "," 9,500 "," 5,500 "," 23,500 "," 7,000 ", -   ," 16,000 "," 9,000 "," 8,000 "," 10,500 "," 15,000 "," 8,000 "," 14,500 "," 13,500 "," 25,000 "," 9,500 "," 23,000 "
San Antonio," 19,500 "," 10,500 "," 17,000 "," 17,500 "," 9,500 "," 21,000 "," 16,500 "," 19,500 "," 14,000 "," 13,500 "," 13,500 "," 10,500 "," 12,000 "," 12,500 "," 14,500 "," 13,500 "," 2,500 "," 11,000 "," 10,000 "," 14,000 "," 6,000 "," 15,000 "," 2,500 "," 2,000 "," 11,500 "," 12,000 "," 8,000 "," 11,500 "," 14,500 "," 6,000 "," 14,500 "," 11,500 "," 7,500 "," 15,500 "," 13,000 "," 12,500 "," 7,000 "," 10,000 "," 5,500 "," 19,000 "," 16,000 "," 19,000 "," 5,000 "," 10,000 "," 18,000 "," 10,500 "," 15,500 "," 17,500 "," 22,500 "," 25,000 "," 9,500 "," 15,000 "," 20,000 "," 16,500 "," 19,000 "," 16,000 ", -   ," 17,000 "," 19,000 "," 26,500 "," 5,000 "," 23,500 "," 9,000 "," 12,500 "," 13,500 "," 7,000 "," 17,000 "
San Diego," 31,500 "," 22,500 "," 28,500 "," 15,500 "," 21,000 "," 32,500 "," 27,000 "," 13,000 "," 16,500 "," 26,000 "," 25,500 "," 23,500 "," 22,000 "," 23,500 "," 25,000 "," 24,000 "," 14,500 "," 14,500 "," 20,500 "," 24,500 "," 8,000 "," 22,000 "," 14,500 "," 16,000 "," 22,500 "," 25,500 "," 17,500 "," 23,500 "," 4,500 "," 18,000 "," 1,500 "," 22,500 "," 19,000 "," 29,000 "," 23,000 "," 22,500 "," 21,000 "," 21,500 "," 19,500 "," 30,500 "," 28,000 "," 6,000 "," 14,500 "," 19,000 "," 29,500 "," 4,000 "," 26,000 "," 11,000 "," 33,500 "," 13,000 "," 13,500 "," 18,500 "," 8,500 "," 28,500 "," 6,500 "," 9,000 "," 17,000 ", -   ," 6,000 "," 15,000 "," 16,500 "," 17,000 "," 20,000 "," 22,500 "," 27,000 "," 11,000 "," 28,500 "
San Francisco," 31,000 "," 27,000 "," 30,500 "," 14,000 "," 25,500 "," 33,000 "," 28,000 "," 12,000 "," 15,000 "," 30,500 "," 30,000 "," 27,000 "," 22,500 "," 25,500 "," 26,000 "," 26,500 "," 19,500 "," 13,500 "," 19,000 "," 25,500 "," 13,000 "," 20,500 "," 19,500 "," 21,000 "," 24,500 "," 30,000 "," 19,500 "," 27,000 "," 6,500 "," 21,500 "," 4,500 "," 24,500 "," 23,000 "," 33,500 "," 22,500 "," 21,000 "," 26,000 "," 25,500 "," 24,500 "," 31,500 "," 32,000 ", -   ," 18,000 "," 17,500 "," 31,000 "," 9,000 "," 27,500 "," 9,000 "," 34,000 "," 7,000 "," 14,000 "," 17,500 "," 2,500 "," 31,000 "," 1,000 "," 8,000 "," 19,000 "," 6,000 ", -   ," 9,000 "," 21,500 "," 11,000 "," 22,000 "," 21,000 "," 31,500 "," 14,500 "," 30,500 "
Seattle," 31,500 "," 28,000 "," 29,500 "," 9,000 "," 27,000 "," 31,500 "," 26,500 "," 6,500 "," 12,500 "," 31,500 "," 30,000 "," 27,000 "," 21,500 "," 24,000 "," 25,000 "," 25,000 "," 24,000 "," 15,500 "," 19,500 "," 24,000 "," 22,000 "," 15,000 "," 24,000 "," 26,500 "," 23,000 "," 31,500 "," 19,500 "," 27,000 "," 15,000 "," 26,500 "," 13,500 "," 25,000 "," 24,500 "," 35,000 "," 21,000 "," 17,500 "," 28,000 "," 25,500 "," 29,000 "," 30,500 "," 31,000 "," 9,000 "," 23,000 "," 18,000 "," 29,500 "," 18,000 "," 26,000 "," 9,000 "," 32,500 "," 2,000 "," 16,000 "," 14,000 "," 9,500 "," 30,000 "," 8,500 "," 10,500 "," 26,500 "," 15,000 "," 9,000 ", -   ," 26,000 "," 3,000 "," 22,000 "," 17,500 "," 33,000 "," 20,500 "," 29,000 "
Shreveport," 16,000 "," 6,500 "," 12,500 "," 16,000 "," 4,500 "," 16,500 "," 14,000 "," 18,500 "," 12,500 "," 9,500 "," 9,000 "," 7,000 "," 8,500 "," 8,500 "," 11,000 "," 11,500 "," 2,000 "," 10,000 "," 8,000 "," 10,500 "," 8,500 "," 13,000 "," 2,000 "," 2,500 "," 9,000 "," 9,000 "," 5,500 "," 8,000 "," 17,000 "," 2,000 "," 16,500 "," 8,000 "," 4,000 "," 12,500 "," 8,500 "," 8,000 "," 4,500 "," 6,500 "," 3,000 "," 15,500 "," 12,000 "," 21,500 "," 10,500 "," 7,500 "," 13,500 "," 13,000 "," 12,000 "," 15,500 "," 18,000 "," 24,000 "," 10,000 "," 13,000 "," 21,000 "," 12,000 "," 21,500 "," 15,000 "," 5,000 "," 16,500 "," 21,500 "," 26,000 ", -   ," 22,500 "," 8,500 "," 10,500 "," 11,000 "," 6,500 "," 12,000 "
Spokane," 26,500 "," 28,000 "," 26,500 "," 6,000 "," 24,000 "," 28,500 "," 23,500 "," 3,500 "," 9,000 "," 28,000 "," 27,000 "," 18,500 "," 18,500 "," 21,000 "," 21,500 "," 21,500 "," 21,000 "," 12,500 "," 16,500 "," 21,000 "," 20,000 "," 12,000 "," 21,000 "," 23,500 "," 20,000 "," 28,000 "," 16,500 "," 24,000 "," 17,000 "," 23,000 "," 15,500 "," 22,000 "," 21,500 "," 32,000 "," 18,000 "," 14,500 "," 25,000 "," 22,500 "," 26,000 "," 27,500 "," 28,000 "," 11,000 "," 20,000 "," 15,000 "," 26,500 "," 20,000 "," 23,000 "," 6,000 "," 29,500 "," 3,500 "," 13,000 "," 11,000 "," 11,000 "," 27,000 "," 10,000 "," 8,000 "," 23,500 "," 17,000 "," 11,000 "," 3,000 "," 22,500 ", -   ," 19,000 "," 14,500 "," 30,000 "," 17,500 "," 26,000 "
St. Louis," 10,000 "," 6,000 "," 9,000 "," 13,000 "," 5,000 "," 12,000 "," 7,000 "," 15,500 "," 10,000 "," 9,000 "," 8,000 "," 4,500 "," 3,000 "," 3,500 "," 5,000 "," 4,000 "," 7,000 "," 9,000 "," 3,500 "," 5,000 "," 12,000 "," 8,000 "," 7,000 "," 9,000 "," 2,500 "," 9,000 "," 3,000 "," 5,500 "," 19,000 "," 3,500 "," 20,500 "," 2,500 "," 3,000 "," 13,000 "," 3,500 "," 5,500 "," 6,500 "," 3,000 "," 7,000 "," 10,500 "," 10,000 "," 22,000 "," 5,500 "," 4,000 "," 9,500 "," 18,000 "," 6,000 "," 14,500 "," 13,000 "," 22,000 "," 9,000 "," 9,500 "," 20,500 "," 9,000 "," 21,000 "," 14,500 "," 9,000 "," 20,000 "," 22,000 "," 22,000 "," 8,500 "," 19,000 ", -   ," 5,500 "," 11,000 "," 9,500 "," 9,000 "
St. Paul," 12,000 "," 11,500 "," 12,000 "," 9,000 "," 10,500 "," 14,000 "," 9,000 "," 11,000 "," 8,000 "," 14,000 "," 12,500 "," 10,000 "," 4,000 "," 7,000 "," 7,500 "," 7,500 "," 10,000 "," 9,000 "," 2,500 "," 6,500 "," 14,000 "," 2,500 "," 10,000 "," 12,500 "," 6,000 "," 15,000 "," 5,000 "," 9,500 "," 18,000 "," 9,500 "," 21,500 "," 7,000 "," 9,000 "," 18,500 "," 3,500 ", -   ," 12,500 "," 8,500 "," 12,500 "," 13,000 "," 13,500 "," 21,000 "," 8,000 "," 3,500 "," 12,000 "," 19,500 "," 8,500 "," 13,500 "," 15,500 "," 18,000 "," 9,500 "," 5,000 "," 19,000 "," 12,500 "," 20,500 "," 13,500 "," 12,500 "," 22,500 "," 21,000 "," 17,500 "," 10,500 "," 14,500 "," 5,500 ", -   ," 16,500 "," 11,000 "," 11,500 "
Tampa," 13,500 "," 5,500 "," 10,000 "," 24,000 "," 6,000 "," 14,000 "," 14,000 "," 26,500 "," 15,000 "," 4,500 "," 6,000 "," 2,000 "," 12,500 "," 10,000 "," 12,500 "," 11,500 "," 12,500 "," 20,000 "," 14,500 "," 12,500 "," 19,500 "," 19,000 "," 12,500 "," 11,500 "," 11,000 "," 2,000 "," 13,500 "," 7,000 "," 28,500 "," 9,500 "," 27,500 "," 10,000 "," 8,500 "," 2,000 "," 13,500 "," 16,500 "," 6,500 "," 8,000 "," 8,000 "," 12,000 "," 8,000 "," 31,500 "," 13,500 "," 15,000 "," 11,000 "," 24,000 "," 12,500 "," 25,500 "," 15,000 "," 33,000 "," 20,000 "," 20,500 "," 31,000 "," 8,500 "," 31,500 "," 25,000 "," 13,500 "," 27,000 "," 31,500 "," 33,000 "," 11,000 "," 30,000 "," 11,000 "," 16,500 ", -   ," 17,500 "," 9,500 "
Tucumcari," 18,500 "," 13,000 "," 18,500 "," 11,000 "," 11,500 "," 21,000 "," 16,500 "," 13,500 "," 8,000 "," 16,000 "," 15,500 "," 13,000 "," 11,000 "," 12,500 "," 14,500 "," 14,000 "," 5,000 "," 4,500 "," 9,000 "," 14,000 "," 3,500 "," 14,000 "," 5,000 "," 8,000 "," 11,500 "," 16,000 "," 6,500 "," 13,000 "," 9,500 "," 7,500 "," 11,500 "," 12,000 "," 8,500 "," 19,500 "," 11,000 "," 11,500 "," 11,500 "," 11,000 "," 10,000 "," 20,000 "," 18,500 "," 14,500 "," 4,000 "," 8,500 "," 19,000 "," 8,500 "," 15,500 "," 11,000 "," 22,000 "," 18,500 "," 3,500 "," 11,000 "," 15,500 "," 18,000 "," 14,500 "," 9,500 "," 7,000 "," 11,000 "," 14,500 "," 20,500 "," 6,500 "," 17,500 "," 9,500 "," 11,000 "," 17,500 ", -   ," 18,000 "
Washington," 3,500 "," 6,500 ", 500 ," 20,500 "," 7,500 "," 4,500 "," 4,500 "," 22,500 "," 17,500 "," 5,000 "," 4,000 "," 6,000 "," 7,500 "," 5,500 "," 4,500 "," 5,000 "," 14,000 "," 18,000 "," 11,000 "," 6,000 "," 20,500 "," 14,000 "," 14,000 "," 15,000 "," 6,500 "," 6,000 "," 11,500 "," 5,000 "," 27,500 "," 10,500 "," 29,000 "," 6,500 "," 9,500 "," 11,000 "," 8,500 "," 11,500 "," 10,000 "," 7,000 "," 11,000 "," 2,000 "," 2,500 "," 30,500 "," 14,000 "," 12,500 "," 1,500 "," 26,500 "," 3,000 "," 23,000 "," 5,500 "," 30,000 "," 18,000 "," 18,000 "," 28,000 "," 1,000 "," 29,500 "," 23,000 "," 17,000 "," 28,500 "," 30,500 "," 29,000 "," 12,000 "," 26,000 "," 9,000 "," 11,500 "," 9,500 "," 18,000 ", -   
